benchmark,experiment,intersection_size,attempted,proved,pass_rate,pass_at_1,pass_at_5_observed,timeouts,timeout_rate,mean_proof_time_in_secs,total_proof_time_in_secs
Hard_Lean,E1,77,77,2,0.025974025974025976,0.025974025974025976,0.025974025974025976,67,0.8701298701298701,490.1947388370316,37744.99489045143
Hard_Lean,E3,77,77,4,0.05194805194805195,0.05194805194805195,0.05194805194805195,67,0.8701298701298701,463.6844786761643,35703.70485806465
Hard_Lean,E4,77,77,3,0.03896103896103896,0.03896103896103896,0.03896103896103896,65,0.8441558441558441,415.6644688488601,32006.16410136223
