benchmark,experiment,intersection_size,attempted,proved,pass_rate,pass_at_1,pass_at_5_observed,timeouts,timeout_rate,mean_proof_time_in_secs,total_proof_time_in_secs
Easy_Lean,E1,127,127,49,0.3858267716535433,0.3858267716535433,0.3858267716535433,74,0.5826771653543307,231.33838735978435,29379.97519469261
Easy_Lean,E3,127,127,39,0.30708661417322836,0.30708661417322836,0.30708661417322836,79,0.6220472440944882,197.74616558345284,25113.76302909851
Easy_Lean,E4,127,127,78,0.6141732283464567,0.6141732283464567,0.6141732283464567,42,0.33070866141732286,151.21041889078035,19203.723199129105
