benchmark,experiment,attempted,proved,pass_rate,pass_at_1,pass_at_5_observed,timeouts,timeout_rate,mean_proof_time_in_secs,total_proof_time_in_secs
miniF2F,E1,77,2,0.025974025974025976,0.025974025974025976,0.025974025974025976,67,0.8701298701298701,490.1947388370316,37744.99489045143
miniF2F,E3,81,4,0.04938271604938271,0.04938271604938271,0.04938271604938271,71,0.8765432098765432,456.315483175678,36961.55413722992
miniF2F,E4,87,3,0.034482758620689655,0.034482758620689655,0.034482758620689655,73,0.8390804597701149,405.30086051184554,35261.17486453056
