benchmark,experiment,attempted,proved,pass_rate,pass_at_1,pass_at_5_observed,timeouts,timeout_rate,mean_proof_time_in_secs,total_proof_time_in_secs
CoreEval 250,E1,127,49,0.3858267716535433,0.3858267716535433,0.3858267716535433,74,0.5826771653543307,231.33838735978435,29379.97519469261
CoreEval 250,E3,141,43,0.3049645390070922,0.3049645390070922,0.3049645390070922,88,0.624113475177305,195.71499963855067,27595.814949035645
CoreEval 250,E4,198,126,0.6363636363636364,0.6363636363636364,0.6363636363636364,63,0.3181818181818182,150.5111589263184,29801.20946741104
