{
  "benchmark_summaries": {
    "CoreEval 250": {
      "E1": {
        "attempted": 127,
        "mean_proof_time_in_secs": 231.33838735978435,
        "pass_at_1": 0.3858267716535433,
        "pass_at_5_observed": 0.3858267716535433,
        "pass_rate": 0.3858267716535433,
        "proved": 49,
        "timeout_rate": 0.5826771653543307,
        "timeouts": 74,
        "total_proof_time_in_secs": 29379.97519469261
      },
      "E3": {
        "attempted": 141,
        "mean_proof_time_in_secs": 195.71499963855067,
        "pass_at_1": 0.3049645390070922,
        "pass_at_5_observed": 0.3049645390070922,
        "pass_rate": 0.3049645390070922,
        "proved": 43,
        "timeout_rate": 0.624113475177305,
        "timeouts": 88,
        "total_proof_time_in_secs": 27595.814949035645
      },
      "E4": {
        "attempted": 198,
        "mean_proof_time_in_secs": 150.5111589263184,
        "pass_at_1": 0.6363636363636364,
        "pass_at_5_observed": 0.6363636363636364,
        "pass_rate": 0.6363636363636364,
        "proved": 126,
        "timeout_rate": 0.3181818181818182,
        "timeouts": 63,
        "total_proof_time_in_secs": 29801.20946741104
      }
    },
    "miniF2F easy-10": {
      "E1": {
        "attempted": 10,
        "mean_proof_time_in_secs": 608.4864518880844,
        "pass_at_1": 0.1,
        "pass_at_5_observed": 0.1,
        "pass_rate": 0.1,
        "proved": 1,
        "timeout_rate": 0.9,
        "timeouts": 9,
        "total_proof_time_in_secs": 6084.864518880844
      },
      "E3": {
        "attempted": 10,
        "mean_proof_time_in_secs": 517.1686776638031,
        "pass_at_1": 0.2,
        "pass_at_5_observed": 0.2,
        "pass_rate": 0.2,
        "proved": 2,
        "timeout_rate": 0.6,
        "timeouts": 6,
        "total_proof_time_in_secs": 5171.686776638031
      },
      "E4": {
        "attempted": 10,
        "mean_proof_time_in_secs": 406.7683383464813,
        "pass_at_1": 0.1,
        "pass_at_5_observed": 0.1,
        "pass_rate": 0.1,
        "proved": 1,
        "timeout_rate": 0.7,
        "timeouts": 7,
        "total_proof_time_in_secs": 4067.6833834648132
      }
    }
  },
  "diagnostics": [
    {
      "accepted_action_count": 1821,
      "accepted_action_rate_after_model_call": 1.0,
      "benchmark": "CoreEval 250",
      "early_dead_end_rate": 0.0,
      "experiment": "E1",
      "generation_reason_counts": {},
      "mean_average_branching_factor": 4.163934426229508,
      "mean_edge_count": 4.1796875,
      "mean_generation_time_in_secs": 0.6701029878578438,
      "mean_node_count": 3.140625,
      "mean_proof_time_in_secs": 231.33838735978435,
      "model_called_output_count": 1821,
      "model_called_state_count": 151,
      "no_start_goal_count": 0,
      "output_count": 1821,
      "outputs_per_model_called_state": 12.059602649006623,
      "parse_error_count": 0,
      "parse_error_rate": 0.0,
      "parsed_tactic_count": 1821,
      "parsed_tactic_rate": 1.0,
      "parsed_tactics_per_model_called_state": 12.059602649006623,
      "pass_rate": 0.3858267716535433,
      "prompt_state_count": 151,
      "proof_tree_file_count": 128,
      "single_node_tree_rate": 0.046875,
      "theorems_attempted": 127,
      "theorems_proved": 49,
      "timeout_rate": 0.5826771653543307,
      "top_tactics": [
        [
          "simp",
          51
        ],
        [
          "cases h",
          33
        ],
        [
          "rfl",
          31
        ],
        [
          "cases n",
          21
        ],
        [
          "cases p",
          18
        ],
        [
          "cases hp",
          17
        ],
        [
          "simp [h]",
          17
        ],
        [
          "simp [hp]",
          15
        ],
        [
          "rintro rfl",
          14
        ],
        [
          "exact hp",
          14
        ]
      ],
      "valid_tactics_per_model_called_state": 12.059602649006623,
      "zero_parsed_state_rate": 0.0
    },
    {
      "accepted_action_count": 2093,
      "accepted_action_rate_after_model_call": 1.0,
      "benchmark": "CoreEval 250",
      "early_dead_end_rate": 0.0,
      "experiment": "E3",
      "generation_reason_counts": {},
      "mean_average_branching_factor": 3.2580645161290325,
      "mean_edge_count": 3.0638297872340425,
      "mean_generation_time_in_secs": 0.6653775232701213,
      "mean_node_count": 2.9148936170212765,
      "mean_proof_time_in_secs": 195.71499963855067,
      "model_called_output_count": 2093,
      "model_called_state_count": 163,
      "no_start_goal_count": 0,
      "output_count": 2093,
      "outputs_per_model_called_state": 12.840490797546012,
      "parse_error_count": 0,
      "parse_error_rate": 0.0,
      "parsed_tactic_count": 2093,
      "parsed_tactic_rate": 1.0,
      "parsed_tactics_per_model_called_state": 12.840490797546012,
      "pass_rate": 0.3049645390070922,
      "prompt_state_count": 163,
      "proof_tree_file_count": 141,
      "single_node_tree_rate": 0.12056737588652482,
      "theorems_attempted": 141,
      "theorems_proved": 43,
      "timeout_rate": 0.624113475177305,
      "top_tactics": [
        [
          "simp",
          38
        ],
        [
          "cases h",
          24
        ],
        [
          "rfl",
          23
        ],
        [
          "exact h",
          21
        ],
        [
          "by [].",
          18
        ],
        [
          "decide",
          17
        ],
        [
          "rw [h]",
          17
        ],
        [
          "cases p",
          17
        ],
        [
          "rintro rfl",
          15
        ],
        [
          "right",
          15
        ]
      ],
      "valid_tactics_per_model_called_state": 12.840490797546012,
      "zero_parsed_state_rate": 0.0
    },
    {
      "accepted_action_count": 3095,
      "accepted_action_rate_after_model_call": 1.0,
      "benchmark": "CoreEval 250",
      "early_dead_end_rate": 0.0,
      "experiment": "E4",
      "generation_reason_counts": {},
      "mean_average_branching_factor": 3.9285714285714284,
      "mean_edge_count": 3.984848484848485,
      "mean_generation_time_in_secs": 0.6268551960464351,
      "mean_node_count": 3.2323232323232323,
      "mean_proof_time_in_secs": 150.5111589263184,
      "model_called_output_count": 3095,
      "model_called_state_count": 242,
      "no_start_goal_count": 0,
      "output_count": 3095,
      "outputs_per_model_called_state": 12.789256198347108,
      "parse_error_count": 0,
      "parse_error_rate": 0.0,
      "parsed_tactic_count": 3095,
      "parsed_tactic_rate": 1.0,
      "parsed_tactics_per_model_called_state": 12.789256198347108,
      "pass_rate": 0.6363636363636364,
      "prompt_state_count": 242,
      "proof_tree_file_count": 198,
      "single_node_tree_rate": 0.045454545454545456,
      "theorems_attempted": 198,
      "theorems_proved": 126,
      "timeout_rate": 0.3181818181818182,
      "top_tactics": [
        [
          "simp",
          79
        ],
        [
          "cases h",
          52
        ],
        [
          "rfl",
          49
        ],
        [
          "simp [h]",
          32
        ],
        [
          "subst h",
          24
        ],
        [
          "rw [h]",
          24
        ],
        [
          "cases n",
          24
        ],
        [
          "simp [*]",
          23
        ],
        [
          "simp [hp]",
          21
        ],
        [
          "cases p",
          20
        ]
      ],
      "valid_tactics_per_model_called_state": 12.789256198347108,
      "zero_parsed_state_rate": 0.0
    },
    {
      "accepted_action_count": 149,
      "accepted_action_rate_after_model_call": 1.0,
      "benchmark": "miniF2F easy-10",
      "early_dead_end_rate": 0.0,
      "experiment": "E1",
      "generation_reason_counts": {},
      "mean_average_branching_factor": 2.75,
      "mean_edge_count": 2.2,